Region,Week,Model,Predicted,Actual,MAE,MAPE
East of England,2025-05-25,XGBoost,52209,65239,13029.783730724223,19.972382248491417
