Region,Week,Model,Predicted,Actual,MAE,MAPE
London,2025-05-25,XGBoost,92614,116225,23611.256367933078,20.31498388044265
