Region,Week,Model,Predicted,Actual,MAE,MAPE
London,2025-05-25,RandomForest,93724,116225,22501.80441385528,19.360418049128988
