Region,Week,Model,Predicted,Actual,MAE,MAPE
Midlands,2025-05-25,XGBoost,93111,117307,24195.95477973958,20.62603151975825
