Region,Week,Model,Predicted,Actual,MAE,MAPE
North West,2025-05-25,XGBoost,69978,90865,20886.96655356392,22.986632518417487
