Region,Week,Model,Predicted,Actual,MAE,MAPE
South East,2025-05-25,XGBoost,77633,98861,21227.651700119837,21.47216867538187
