Region,Week,Model,Predicted,Actual,MAE,MAPE
South West,2025-05-25,XGBoost,43861,57792,13931.361031541273,24.105783982610145
