Region,Week,Model,Predicted,Actual,MAE,MAPE
South East,2025-05-25,RandomForest,79240,98861,19620.45818426703,19.84646222636487
