Region,ML_Prediction,LSTM_Prediction,Hybrid_Prediction,Actual,MAPE
East of England,,1450,1450,52761,97.25175792725688
London,,41314,41314,93997,56.04753343191804
Midlands,,21702,21702,94872,77.12496837844675
North East and Yorkshire,,15711,15711,80269,80.42706399730905
North West,,43726,43726,73487,40.4983194306476
South East,,7473,7473,79953,90.65325878953885
South West,,15765,15765,46739,66.2701384282933
