Region,Actual,Predicted
South East,335182.0,333673.2588547469
South East,339419.0,331867.4842642546
South East,326659.0,330989.10724461084
South East,305898.0,331168.75712180143
South East,350326.0,336590.0123660565
South East,338887.0,345066.1141029597
South East,353404.0,351891.76513874537
