Month,Region,Model,Actual,Predicted,MAE,RMSE,MAPE (%),Accuracy (%)
2025-05-01,East of England,RandomForest,233213,230043.805,3169.195000000007,3169.195000000007,1.358927246765835,98.64107275323417
