Month,Region,Model,Actual,Predicted,MAE,RMSE,MAPE (%),Accuracy (%)
2025-05-01,East of England,XGBoost,233213,233712.77,499.765625,499.765625,0.21429578325393525,99.78570421674607
