Month,Region,Model,Actual,Predicted,MAE,RMSE,MAPE (%),Accuracy (%)
2025-05-01,London,RandomForest,415478,411591.64,3886.359999999986,3886.359999999986,0.9353948945551838,99.06460510544481
