Month,Region,Model,Actual,Predicted,MAE,RMSE,MAPE (%),Accuracy (%)
2025-05-01,London,XGBoost,415478,411975.53,3502.46875,3502.46875,0.8429974029912534,99.15700259700874
