Month,Region,Model,Actual,Predicted,MAE,RMSE,MAPE (%),Accuracy (%)
2025-05-01,Midlands,XGBoost,419346,411967.1,7378.90625,7378.90625,1.759622423964936,98.24037757603506
