Month,Region,Model,Actual,Predicted,MAE,RMSE,MAPE (%),Accuracy (%)
2025-05-01,Midlands,RandomForest,419346,411405.61,7940.390000000014,7940.390000000014,1.893517524907836,98.10648247509216
