Month,Region,Model,Actual,Predicted,MAE,RMSE,MAPE (%),Accuracy (%)
2025-05-01,North East and Yorkshire,RandomForest,354798,349172.27,5625.729999999981,5625.729999999981,1.5856149132745905,98.4143850867254
