Month,Region,Model,Actual,Predicted,MAE,RMSE,MAPE (%),Accuracy (%)
2025-05-01,North West,RandomForest,324822,319197.945,5624.054999999993,5624.054999999993,1.7314267506511236,98.26857324934888
