Month,Region,Model,Actual,Predicted,MAE,RMSE,MAPE (%),Accuracy (%)
2025-05-01,North West,XGBoost,324822,326542.47,1720.46875,1720.46875,0.5296650934973617,99.47033490650264
