Month,Region,Model,Actual,Predicted,MAE,RMSE,MAPE (%),Accuracy (%)
2025-05-01,South West,RandomForest,206594,192544.415,14049.584999999992,14049.584999999992,6.800577461107289,93.1994225388927
