Month,Region,Model,Actual,Predicted,MAE,RMSE,MAPE (%),Accuracy (%)
2025-05-01,South East,RandomForest,353404,340006.08,13397.919999999984,13397.919999999984,3.79110592975744,96.20889407024256
