Month,Region,Model,Actual,Predicted,MAE,RMSE,MAPE (%),Accuracy (%)
2025-05-01,South West,XGBoost,206594,201535.11,5058.890625,5058.890625,2.448711300909029,97.55128869909097
