Month,Region,Model,Actual,Predicted,MAE,RMSE,MAPE (%),Accuracy (%)
2025-05-01,South East,XGBoost,353404,344382.3,9021.6875,9021.6875,2.552797223574153,97.44720277642585
